,등장일자,랭킹,키워드,일간검색량,월간검색량
167,2022-06-11,452,침대옆협탁,423,5585
166,2022-06-11,402,천연라텍스베개,338,4405
165,2022-06-11,327,거실장2000,557,3704
158,2022-06-10,212,아쿠아텍스4인용소파,685,5234
154,2022-06-10,53,티비거실장,336,4678
155,2022-06-10,92,다용도4단서랍장,133,636
156,2022-06-10,194,고무나무식탁,29,824
157,2022-06-10,204,시스템수납선반,296,1056
159,2022-06-10,269,이동식철제행거,96,1607
160,2022-06-10,272,세라믹거실테이블,470,5625
161,2022-06-10,285,대리석거실테이블,464,4289
162,2022-06-10,434,원목2인식탁세트,279,2553
163,2022-06-10,449,이태리세라믹식탁세트,154,1609
164,2022-06-10,485,마켓비책상,141,2465
149,2022-06-08,331,코지블,0,40
144,2022-06-08,167,야외이동주방,867,1168
145,2022-06-08,179,네이즌쿨매트,771,3524
146,2022-06-08,193,초등학생바른자세책상,17,940
148,2022-06-08,304,패브릭스툴,59,1576
147,2022-06-08,272,원목티비다이거실장,98,328
150,2022-06-08,340,모찌,385,11524
151,2022-06-08,400,순면양면누빔베개커버,342,2515
152,2022-06-08,444,네이즌여름매트,469,2596
153,2022-06-08,494,접이식토퍼매트리스,327,4972
143,2022-06-07,125,호텔식암막커튼나비주름,123,756
142,2022-06-06,251,박술녀인견이불,580,2756
141,2022-06-06,212,아쿠아텍스모듈소파,105,2697
140,2022-06-06,195,박구환,2417,2815
134,2022-06-05,401,도토리수납함,931,1246
130,2022-06-05,64,식탁4인용,167,4753
131,2022-06-05,124,메쉬사무용의자,20,1810
132,2022-06-05,348,침대프레임퀸,552,8343
133,2022-06-05,362,아이스냉쿨매트,527,5748
137,2022-06-05,479,쇼파4인,448,1985
135,2022-06-05,456,침대슈퍼싱글,467,4676
136,2022-06-05,468,쇼파3인,448,3412
138,2022-06-05,487,소파아쿠아텍스,465,3406
139,2022-06-05,496,책상원목,491,4026
124,2022-06-04,316,식탁6인용,604,4893
120,2022-06-04,106,식탁세트4인용,78,1936
121,2022-06-04,131,루나매트리스,27,145
122,2022-06-04,164,실리콘네온사인,2097,9424
123,2022-06-04,303,소파3인용,486,3094
127,2022-06-04,438,침대프레임원목,488,5742
125,2022-06-04,428,화사초,1544,5566
128,2022-06-04,461,김광규카페트,995,3036
129,2022-06-04,496,화사거울,13190,38544
126,2022-06-04,437,식탁세라믹,569,3231
119,2022-06-03,489,밥솥선반,466,7064
118,2022-06-03,451,에피하임거실안락의자,495,2100
117,2022-06-03,444,에피하임에그체어안락의자,492,2095
116,2022-06-03,434,로보어린이의자,135,257
115,2022-06-03,396,꼬메벨로접이식바닥메모리폼토퍼매트리스10cms,276,5093
113,2022-06-03,272,꼬메벨로메모리폼접이식침대토퍼매트오가닉매쉬ss,351,6243
112,2022-06-03,234,셀레티거울,2132,15694
114,2022-06-03,374,마켓비슬라이딩옷장,0,68
111,2022-06-02,186,박술녀풍기인견이불,616,1237
110,2022-06-02,138,슈퍼싱글메모리폼,27,233
109,2022-06-01,479,덴마크화병,596,1261
108,2022-06-01,236,린넨,1705,49762
107,2022-06-01,218,사무용파티션,169,5016
102,2022-05-31,16,지컷원피스,1582,51973
104,2022-05-31,298,에몬스,1178,32785
103,2022-05-31,177,인조,717,19167
105,2022-05-31,363,유치원,1048,27776
106,2022-05-31,385,인홈저상형침대,28,193
101,2022-05-30,134,르올여름이불,7,1086
100,2022-05-29,496,책상의자사무용,183,5189
99,2022-05-29,495,디자인누비호텔식암막커튼,105,3746
98,2022-05-29,494,더리체세라믹식탁,102,3538
97,2022-05-29,493,꾸며드림숙면베개,96,2871
96,2022-05-29,490,조야패브릭2인소파,208,4538
93,2022-05-28,371,황금,175,5326
92,2022-05-28,329,한옥,379,18685
94,2022-05-28,469,대리석소파테이블,306,5471
95,2022-05-28,480,암막커튼추천,183,4213
85,2022-05-27,219,스피드랙행거,64,2176
91,2022-05-27,473,사무실컴퓨터의자,569,11406
90,2022-05-27,441,메탈시트지,39,988
89,2022-05-27,426,사계절암막커튼,237,4218
88,2022-05-27,415,초마루디퓨저,33,1924
87,2022-05-27,363,티비다이거실장,118,3596
86,2022-05-27,232,스타벅스테이블,166,4949
84,2022-05-27,77,침대커튼,54,1946
83,2022-05-26,484,캥거루앞치마,109,1578
82,2022-05-26,482,빛쟁이조명,18,277
81,2022-05-26,472,본베베침대가드,512,10493
80,2022-05-26,461,컴퓨터책상사무용의자,290,4051
79,2022-05-26,380,거실용커튼,241,1905
78,2022-05-26,348,마지스트롤리,98,3151
77,2022-05-26,257,공부학생컴퓨터의자,75,1380
76,2022-05-26,90,방음재,407,12064
70,2022-05-25,313,원목우드슬랩,52,1528
65,2022-05-25,126,원목4인식탁세트,127,5238
66,2022-05-25,164,발매트소형,13,200
67,2022-05-25,172,블랙발매트,8,98
68,2022-05-25,175,바닥토퍼매트리스,34,565
69,2022-05-25,264,아로마버너,25,755
64,2022-05-25,118,빨아쓰는거북목베개,30,423
71,2022-05-25,356,아쿠아매직텍스패브릭소파,0,84
72,2022-05-25,395,핑크발매트,8,68
73,2022-05-25,463,물수정,1545,4837
74,2022-05-25,473,가꿈스튜디오,0,69
75,2022-05-25,493,글루시오로라,345,5045
63,2022-05-24,476,수납침대프레임q,489,6727
62,2022-05-24,470,리모컨달무드등,17,49
61,2022-05-24,291,패브릭스윙소파,56,1328
60,2022-05-23,431,시어서커,1044,29405
59,2022-05-23,291,이불토퍼,25,613
55,2022-05-22,82,방향제디퓨저,0,104
56,2022-05-22,153,인테리어방향제,0,105
57,2022-05-22,348,알레르망냉감패드,529,15794
58,2022-05-22,499,에이로마골드에디션디퓨저200ml1+1,229,3829
54,2022-05-21,500,방수실리콘식탁매트,0,3550
53,2022-05-21,499,골드에디션디퓨저200ml1+1,61,3997
52,2022-05-21,497,사무용의자모드니,0,1915
51,2022-05-21,491,책상사무용의자,4,5784
50,2022-05-21,417,비정형거울,239,7874
49,2022-05-21,405,컴퓨터사무용의자,56,7254
43,2022-05-20,107,린즈홈,44,1421
39,2022-05-20,30,메모리폼매트리스ss,12,219
40,2022-05-20,62,거실속커튼,10,566
41,2022-05-20,76,거실쉬폰커튼,27,1245
42,2022-05-20,90,무지천,8,237
44,2022-05-20,349,코난범인무드등,859,5568
45,2022-05-20,403,프리미엄,1045,20825
46,2022-05-20,433,기능성,59,1954
47,2022-05-20,449,시디즈메쉬의자,23,625
48,2022-05-20,500,트웸코,326,2765
34,2022-05-19,282,잠솔솔,33,826
32,2022-05-19,149,아쿠아텍스3인용패브릭소파,0,5748
33,2022-05-19,226,에르고휴먼,2760,5163
35,2022-05-19,299,리빙제이,54,1448
36,2022-05-19,410,발릴라,45,1156
37,2022-05-19,460,화이트소프트매트리스,10,5004
38,2022-05-19,468,마켓비모듈수납장,57,156
31,2022-05-18,483,방수베개커버,126,7244
30,2022-05-18,448,태양열조명,285,7835
29,2022-05-18,143,여름이불60수,0,59
28,2022-05-18,119,헤링본쿨매트,19,680
26,2022-05-17,412,우드행거,75,2774
24,2022-05-17,65,르올바디필로우,52,127
25,2022-05-17,148,실내분수,77,1818
27,2022-05-17,436,원목침대프레임ss,0,7841
23,2022-05-15,479,편백깔판,27,731
22,2022-05-15,326,모던티비다이,132,3547
21,2022-05-15,90,무볼트앵글,114,2853
20,2022-05-15,67,실내용천연디퓨저,34,825
19,2022-05-15,21,실내용디퓨저,42,725
16,2022-05-14,132,헬시메이트블랙라벨기능성메모리폼경추베개,42,338
18,2022-05-14,499,사무용책상의자,244,13185
17,2022-05-14,260,장미맨숀,32465,238286
15,2022-05-14,100,빨아쓰는발매트,10,321
11,2022-05-13,434,양면암막커튼,54,519
8,2022-05-13,281,소음재,20,60
9,2022-05-13,309,모래멍,444,11437
10,2022-05-13,388,책상컴퓨터의자,408,8773
7,2022-05-13,144,쪽가위,124,4465
12,2022-05-13,439,학생책상의자,345,5593
13,2022-05-13,453,릴리4인용세라믹식탁,305,4871
14,2022-05-13,465,컴퓨터학생의자,189,5332
2,2022-05-12,334,페이퍼인센스,526,15215
4,2022-05-12,439,허리베개,748,11645
3,2022-05-12,336,옷서랍장,574,10154
1,2022-05-12,274,마켓비옷장,17,1771
5,2022-05-12,441,론체어,758,20975
6,2022-05-12,461,슈퍼싱글매트리스추천,220,3575
0,2022-05-12,119,욕실규조토발매트,60,2926
